optimizer,lr,batch size,num iteration,duration,train loss,train accuracy,test loss,test accuracy,sharpness train,non uniformity train,sharpness test,non uniformity test,non uniformity test.1,non uniformity train.1,sharpness test.1
sgd,0.001,10,2050,0.0,0.0009609703556634488,100.0,1.508933663368225,81.05000305175781,32.36953353881836,,4817.268728231798,189.04126946912945,864.8065185546875,,
adam,0.001,10,200,0.0,8.279083090201311e-07,100.0,3.252699851989746,83.70000457763672,1.1981558856177799e-08,0.00022945046261049488,29.424457550048828,467.1035752378695,,,
adagrad,0.001,10,1850,0.0,0.0009830015478655696,100.0,1.1875340938568115,82.9000015258789,13.187079429626465,94.48957759159208,390.5447998046875,2780.407254342428,,,
sgd,0.01,10,250,0.0,0.0007049275445751848,100.0,1.4002939462661743,82.5,7.276522636413574,81.97603498889174,150.58856201171875,1401.5352296678095,,,
adam,0.01,1000,400,44.02333307266235,2.382453385507688e-05,100.0,1.1674344539642334,90.1500015258789,0.11243387311697006,0.9780870363223283,61.410621643066406,903.86254485956,,,
