optimizer,lr,batch size,num iteration,train loss,train accuracy,test loss,test accuracy,sharpness,non uniformity
gd,0.01,1000,8049,0.02663502283394337,99.9000015258789,1.0448185205459597,77.70000457763672,331.5115051269531,1525.9419222237784
adam,0.01,1000,103,0.0022079178597778078,100.0,1.7527775764465332,79.4000015258789,127.13955688476562,857.5065232988028
adagrad,0.01,1000,471,0.004581038374453783,99.9000015258789,1.080402135848999,81.4000015258789,69.64353179931639,531.2762934669681
gd,0.01,1000,8077,0.025473464280366898,99.9000015258789,1.0232307910919192,78.0999984741211,384.29437255859375,1473.110484654834
adam,0.01,1000,84,0.0033750229049474,100.0,1.802461862564087,79.29999542236328,67.91949462890625,494.8268952371122
adagrad,0.01,1000,452,0.005015987902879715,99.9000015258789,1.0505553483963013,80.69999694824219,73.23001098632812,540.3774722358437
