optimizer,lr,batch size,num iteration,train loss,train accuracy,test loss,test accuracy,sharpness,non uniformity
gd,0.01,1000,7753,0.029342919588088982,99.9000015258789,1.007226586341858,78.69999694824219,363.5733642578125,1410.584940724946
adam,0.01,1000,95,0.0027593292761594053,100.0,1.6027536392211914,79.5,66.14179229736328,503.70043180446055
adagrad,0.01,1000,568,0.003908302169293165,99.9000015258789,1.1816046237945557,80.69999694824219,69.96286010742189,456.53292597577234
lbfgs,0.01,1000,77,0.006604604888707399,100.0,2.1128678321838383,78.30000305175781,2975.43603515625,16716.417798081024
adamw,0.01,1000,141,0.0021560981404036283,100.0,2.0375816822051998,79.79999542236328,78.13572692871094,717.8852406547998
gd,0.05,1000,2451,0.012455153279006481,99.9000015258789,1.0105396509170532,79.0999984741211,123.58181762695312,616.5584167376194
