optimizer,lr,batch size,num iteration,train loss,train accuracy,test loss,test accuracy,sharpness,non uniformity
gd,0.01,1000,7860,0.03030058369040489,99.9000015258789,0.9889780879020692,0.9889780879020692,391.13287353515625,1491.9256013622128
adam,0.01,1000,100,0.004276579711586237,100.0,1.5301859378814697,1.5301859378814697,75.97306823730469,522.4792160938078
